date,max_temperature,mean_temperature,max_humidity,mean_humidity,max_dewpoint,mean_dewpoint,max_wind_speed,mean_wind_speed,max_solar_radiation,mean_solar_radiation,mean_pressure,heatwave_day
2020-04-01,31.501862,24.935091,79.849915,60.039387,17.902802,16.184734,3.4479187,2.446182,930.36444,264.8126,98472.01,0
2020-04-02,30.20639,23.886032,77.02964,55.51251,16.467438,13.951968,5.387678,3.704501,946.6311,291.5452,98551.664,0
2020-04-03,29.574799,22.80104,78.207466,54.35822,14.356598,12.306689,4.3518434,3.0653656,970.61334,301.54965,98646.914,0
2020-04-04,31.62091,23.949312,75.974724,55.2795,15.58905,13.543799,4.3434987,3.026315,962.3822,298.17776,98648.87,0
2020-04-05,32.496704,25.535776,76.23427,57.66022,18.828766,16.069876,2.9628701,2.076793,928.0356,287.71335,98707.18,0
2020-04-06,34.645874,27.381754,74.98911,48.803158,16.857513,14.795066,3.8620703,2.3610642,950.56,289.04666,98536.805,0
2020-04-07,32.359467,25.641958,78.02398,52.350845,17.091614,14.473243,5.4448023,3.350705,956.0356,289.69778,98368.78,0
2020-04-08,32.69281,25.645021,67.53894,51.136078,15.491058,14.136296,4.086313,2.9447641,952.5689,292.68,98491.76,0
2020-04-09,31.87799,24.751719,77.05139,54.455395,16.155975,14.2218275,3.5412548,2.632703,967.5733,302.8622,98515.38,0
2020-04-10,34.993134,27.528128,77.68864,52.770565,17.605438,16.202204,4.1380634,1.9897212,901.63556,279.26666,98635.336,0
2020-04-11,35.878143,28.525232,72.67583,49.860966,17.446503,16.307379,3.45447,2.1673744,956.67554,296.95554,98649.914,1
2020-04-12,34.921295,27.835175,71.12215,51.38768,18.16809,16.166658,3.830707,2.807646,959.4667,299.66965,98431.06,0
2020-04-13,37.5148,29.85347,72.780914,48.08795,18.188934,16.98413,5.2881317,2.7827785,948.19556,289.62964,98259.78,0
2020-04-14,38.1062,30.7996,71.42389,48.42532,20.132294,18.047972,3.1575263,1.7197868,932.2489,269.66888,98319.94,1
2020-04-15,38.342957,30.111145,68.166336,49.598034,19.41684,17.465239,3.0105624,1.8660713,923.14667,262.52817,98217.78,1
2020-04-16,38.173462,30.65531,66.48614,42.2776,18.966217,15.738494,4.786585,3.0632534,922.6667,290.96667,98121.43,1
2020-04-17,36.711548,30.263208,60.955055,43.274296,16.59256,15.903811,5.425346,3.0498636,954.89777,248.9926,98124.66,0
2020-04-18,35.66867,28.959494,72.52869,46.671307,17.135834,15.8156595,6.0706925,2.6930876,956.5689,279.82,98278.71,1
2020-04-19,34.88687,28.199615,67.89427,47.31851,18.068024,15.1373,3.5444543,2.6729796,948.0356,293.51038,98242.38,0
2020-04-20,31.779266,25.056425,90.05973,59.268032,18.782318,15.665015,5.4393005,2.3549345,911.4133,246.92296,98384.695,0
2020-04-21,33.78183,27.300163,83.152534,54.4998,17.905151,16.413012,3.133802,1.8306051,941.5289,295.53482,98326.94,0
2020-04-22,34.882965,28.840418,74.00157,47.468655,17.80896,15.772659,2.7527385,1.8062536,975.04,308.88593,98216.88,0
2020-04-23,34.99582,28.721748,71.14271,47.36824,18.075958,15.958798,4.773984,2.2540724,857.6,249.11926,98132.13,0
2020-04-24,35.802826,29.405945,66.81264,50.945145,19.986115,17.623602,2.1550024,1.6358577,907.76886,280.39407,97997.37,1
2020-04-25,35.72702,29.227804,71.0972,54.275894,21.204376,18.585958,3.6614947,2.1766517,939.48444,261.4289,98098.69,1
2020-04-26,30.313995,25.034637,88.7878,70.28811,21.226654,19.020367,6.1020575,3.8506095,866.1689,261.35483,98385.664,0
2020-04-27,30.948517,25.179735,87.690895,75.59257,22.233154,20.378939,5.5267234,4.3012867,877.1911,242.12221,98662.086,0
2020-04-28,32.662933,27.811882,85.10489,68.434456,23.035797,21.164434,3.7582216,2.13499,930.3111,270.81113,98545.25,1
2020-04-29,35.29648,29.74938,80.14084,61.605907,22.021149,21.152758,2.9245694,2.0314357,915.0933,291.2874,98329.65,1
2020-04-30,36.74106,29.948057,90.59006,62.138065,22.331665,21.194647,3.232781,2.0343394,956.8711,286.84814,98293.805,1
2020-05-01,36.532135,30.244156,85.15144,63.59901,23.13559,21.903778,4.6997395,2.4730787,973.4044,305.1111,98070.62,1
2020-05-02,35.86493,30.344528,76.78012,61.314922,22.422333,21.744997,5.842048,4.6130996,954.0267,301.33035,98063.91,1
2020-05-03,35.973633,27.795418,90.32818,66.49945,21.998627,20.483833,7.082578,3.2109501,708.12445,233.4489,98207.5,0
2020-05-04,33.28589,27.789083,88.75159,68.64327,22.859558,21.08902,2.3721862,1.588798,893.42224,288.91852,98335.27,1
2020-05-05,35.27368,29.439713,82.25449,60.747448,22.22528,20.329147,3.6765995,2.0563996,938.88,298.70667,98180.21,1
2020-05-06,34.04947,28.545446,78.26096,56.221493,20.062775,18.394516,3.4714987,2.126106,963.66223,299.94223,98176.5,1
2020-05-07,35.793335,29.106653,72.92911,52.07013,18.626862,17.6998,2.7643266,2.1832511,984.6222,317.39777,98181.35,1
2020-05-08,37.910583,31.24701,77.35164,51.87792,21.114716,19.41492,3.5854847,2.0812044,974.9689,314.19852,98025.26,1
2020-05-09,38.88495,32.698208,83.30705,55.709324,24.323547,21.946226,4.7647886,2.7698002,973.1911,307.2852,98107.91,1
2020-05-10,34.061096,28.140085,85.01163,66.7839,23.738556,21.102945,4.0477343,3.2697496,930.24,287.93408,98244.445,1
2020-05-11,34.8096,29.156477,81.52406,63.375168,22.560333,21.023722,4.7804794,3.1102293,939.76886,284.5637,98329.73,1
2020-05-12,34.850525,29.77887,85.40852,63.023087,23.416473,21.544815,3.272097,2.100095,904.1778,294.34073,98248.164,1
2020-05-13,34.234497,29.515244,83.4253,63.96645,23.075836,21.65438,2.7972493,1.6451911,833.06665,270.13925,98132.78,1
2020-05-14,38.29315,30.053879,84.03663,64.34015,22.902588,21.787462,4.7012143,2.1962376,956.37335,305.29926,98093.1,1
2020-05-15,38.15274,31.538748,73.74528,47.189117,21.754272,18.368647,3.5235338,2.7409275,971.1644,315.6074,97991.664,1
2020-05-16,38.524323,31.234842,61.68908,44.22888,19.672913,16.819025,4.588197,3.0392065,989.0845,326.04965,97893.94,1
2020-05-17,39.62802,31.95975,64.2097,42.555283,18.972168,16.878836,2.8600209,1.9557714,936.2133,304.64816,97779.37,1
2020-05-18,39.80014,31.515604,60.44954,37.75179,17.497253,14.350299,4.632426,2.794824,995.04,328.51035,97708.9,0
2020-05-19,39.626465,32.253872,55.95209,30.75012,16.388702,11.903806,4.0755534,2.4371912,977.7778,319.06888,97634.445,1
2020-05-20,38.49118,31.688675,47.585056,33.02885,15.041901,12.855208,4.87041,3.4833097,1005.1556,333.40073,97591.6,0
2020-05-21,41.063812,32.44234,51.740776,35.542034,17.675934,14.21442,5.6244555,3.4954052,1008.67554,334.80295,97483.375,1
2020-05-22,42.434174,33.959293,61.198277,38.52254,19.019379,16.686836,2.7969475,1.7531842,989.4044,327.89703,97562.41,1
2020-05-23,42.743317,35.485775,70.62065,38.22618,22.383942,18.017036,2.5894308,1.64335,949.76,304.22296,97677.805,1
2020-05-24,43.144073,35.338047,69.40874,37.025852,22.356842,17.322462,5.2722764,2.9843342,965.12,324.72742,97660.54,1
2020-05-25,43.446808,35.91054,47.230705,32.845768,17.997162,16.13571,5.138286,2.9635315,987.4133,327.68222,97618.97,1
2020-05-26,44.75583,36.430523,60.418503,33.242977,19.15738,16.518496,4.8193974,3.1763008,969.74225,318.29333,97445.62,1
2020-05-27,44.0477,35.75813,64.87647,35.000095,21.945953,16.860552,4.75719,3.3330157,961.56445,312.8578,97342.85,1
2020-05-28,38.826385,31.955023,68.46393,53.70497,22.902466,21.02289,7.004149,5.343288,931.23553,294.2585,97542.336,1
2020-05-29,34.35721,27.940565,93.42499,69.675934,24.870514,21.359161,7.0372972,4.590228,933.86664,276.5585,97878.0,1
2020-05-30,31.690704,26.990576,89.36797,74.63004,23.243042,21.882395,4.4028997,2.8994503,786.3289,239.41185,98076.555,0
2020-05-31,31.187042,26.223434,90.71836,73.19761,21.598602,20.734365,3.7160008,2.005478,892.1778,260.0341,98228.35,1
2020-06-01,34.003815,28.490408,91.37256,69.662025,23.239502,22.000792,2.3085341,1.3625048,952.23114,310.24887,98202.26,1
2020-06-02,34.85074,29.244766,87.31088,66.12654,22.844452,21.895966,1.7822169,1.2344638,918.61334,291.93185,98014.664,1
2020-06-03,34.90683,29.739395,80.21264,62.57196,22.812866,21.434614,4.1751914,1.6666387,931.62665,285.25705,97849.336,1
2020-06-04,34.218536,29.071793,83.618126,64.367546,22.60141,21.344803,3.1262877,1.8447362,700.3555,208.17555,97787.72,1
2020-06-05,33.129395,28.182266,85.21184,69.25161,22.296844,21.762167,3.530206,2.019398,891.80444,276.9074,97780.48,1
2020-06-06,35.088745,30.101156,83.95883,63.6452,22.975616,22.108511,3.1565409,1.6559057,901.5111,291.22223,97718.37,1
2020-06-07,33.66336,29.290785,92.448006,68.98519,24.006653,22.695305,3.875006,1.6890877,880.5867,290.9822,97686.695,1
2020-06-08,36.62726,31.816282,83.44451,61.446346,24.2565,22.938677,3.7150574,1.9983621,903.8933,290.11703,97655.74,1
2020-06-09,39.480804,34.048626,75.26843,56.108746,25.628448,23.450409,4.18779,2.1203995,865.5467,275.9874,97637.76,1
2020-06-10,39.235138,33.809994,79.70215,58.871365,25.38089,24.188684,5.067497,1.7127689,914.0089,289.3511,97561.09,1
2020-06-11,38.33145,33.96878,73.908485,58.593647,25.347961,24.404802,3.198148,1.9002943,861.8311,284.57703,97469.695,1
2020-06-12,39.620087,35.20633,70.23649,54.523815,25.72583,24.258718,4.340527,2.4544728,855.0222,284.14963,97335.54,1
2020-06-13,37.474182,32.562252,77.850975,63.80807,25.663239,24.641108,3.7750087,2.4124677,799.8222,244.09186,97475.24,1
2020-06-14,37.53769,33.590168,73.98437,60.73123,25.568207,24.686472,2.9961758,2.1668582,880.60443,246.99554,97525.49,1
2020-06-15,40.71747,34.97502,69.358765,50.005756,25.122772,22.294607,4.037758,2.3045099,924.67554,299.71036,97317.41,1
2020-06-16,40.092712,34.97809,69.05271,51.781277,25.388031,23.11057,4.4381194,2.6004486,872.7289,271.29926,97124.586,1
2020-06-17,40.199646,34.669613,73.33839,55.723972,25.430939,23.945366,4.082417,2.849968,921.20886,302.1274,97115.47,1
2020-06-18,41.667755,35.92284,73.41304,53.624058,26.05722,24.359457,4.5034733,2.7292967,926.56,303.28,97176.875,1
2020-06-19,40.217438,35.399693,71.74112,55.44542,25.813751,24.639826,4.802138,3.0360425,885.6711,290.41183,97372.52,1
2020-06-20,36.893402,32.806934,77.678085,60.211166,25.230804,23.809408,3.8920968,2.580868,857.8311,259.2415,97523.97,1
2020-06-21,36.39026,32.179432,75.984375,62.57002,25.038849,23.856476,3.8125045,2.2741835,888.51556,284.71185,97481.22,1
2020-06-22,36.863953,32.472305,74.04608,62.226902,25.638763,24.11651,3.853431,2.155072,774.9511,264.85852,97496.98,1
2020-06-23,35.79007,31.464325,85.493935,73.481804,26.945404,25.986053,4.993312,3.8850791,803.55554,242.35925,97726.086,1
2020-06-24,32.485413,29.98262,90.72051,80.423965,26.62201,26.178528,4.4643564,2.7526743,627.91113,188.89037,97772.57,1
2020-06-25,35.116425,31.8544,91.72081,72.95474,27.44394,26.249105,2.0663695,1.2236067,848.64,274.47183,97502.52,1
2020-06-26,36.48587,32.585896,87.0728,67.798965,26.687103,25.676504,4.9778156,2.9954522,729.44,221.48592,97407.055,1
2020-06-27,39.196136,33.775143,74.369415,61.939774,25.891113,25.195623,6.884789,3.500859,853.70667,250.96295,97297.49,1
2020-06-28,39.979706,35.74851,64.80744,53.611774,26.09903,24.713984,6.785939,3.420436,765.6533,247.79778,97265.99,1
2020-06-29,38.421234,32.834137,84.64968,66.39193,27.03357,25.456688,4.690276,3.035844,914.50665,253.66518,97536.01,1
2020-06-30,36.695923,32.78399,81.55678,67.682686,26.178833,25.817406,3.918394,2.9110901,874.9511,243.93333,97599.88,1
2020-07-01,37.575043,33.759365,76.23242,62.853016,26.214508,25.459505,3.551989,1.9482317,851.69775,275.20148,97418.82,1
2020-07-02,39.48752,35.256237,73.89825,58.93704,26.66391,25.758108,2.961055,1.9635397,821.31555,274.9711,97203.445,1
2020-07-03,40.690643,34.29423,87.17092,64.84987,27.171143,26.30192,5.4041877,3.5420215,903.2,276.0163,97226.99,1
2020-07-04,36.876007,31.945776,89.34879,72.484535,27.218048,26.072088,5.640404,3.8112535,788.1778,235.51778,97254.01,1
2020-07-05,34.52939,30.162735,88.81029,72.82588,25.777557,24.509008,4.539906,2.8684704,792.6578,204.01482,97293.16,1
2020-07-06,34.94876,31.459436,86.51326,72.1856,26.267426,25.694178,4.776437,3.2481315,794.5956,258.19186,97294.76,1
2020-07-07,33.07425,29.071182,98.58026,82.03276,26.466034,25.535559,6.574356,4.432189,677.5289,179.23926,97604.4,1
2020-07-08,33.67096,29.746643,97.21634,85.016426,27.758179,26.874136,5.738036,2.5382307,693.81335,158.91408,97628.0,1
2020-07-09,35.448944,31.723337,92.156364,75.57191,27.775085,26.701395,2.8718834,1.7376574,627.55554,157.63629,97248.586,1
2020-07-10,38.122986,33.43985,75.56557,62.007168,25.852386,24.98218,5.9194756,3.2906027,774.9867,243.02962,97126.19,1
2020-07-11,36.37805,32.387802,77.60605,66.90716,27.409088,25.328043,4.6610093,2.5776203,802.5244,251.47408,97205.336,1
2020-07-12,34.05368,29.599676,92.34179,76.10396,26.725647,24.667648,4.3004055,2.5013158,738.7733,208.88445,97383.01,1
2020-07-13,36.498352,31.929863,86.950485,69.41707,26.461365,25.429373,4.0157914,2.6125348,866.93335,258.8141,97348.81,1
2020-07-14,37.743958,33.516617,85.57186,66.86006,27.841125,26.212738,4.9117813,2.1305382,819.2178,256.82224,97436.35,1
2020-07-15,35.26425,31.927755,87.86042,72.35514,26.791565,26.149702,4.566755,3.6608055,760.8356,236.19112,97507.93,1
2020-07-16,35.948273,31.753355,94.85323,73.34723,27.23529,26.188456,4.322275,3.1872375,833.86664,231.55554,97402.29,1
2020-07-17,35.527588,32.313087,88.97856,74.73455,27.789124,27.120398,4.4640245,2.9931915,714.04443,213.55183,97496.25,1
2020-07-18,34.63388,31.83959,89.889145,76.53518,27.773895,27.076075,4.390435,2.6967547,767.18225,222.72075,97592.586,1
2020-07-19,34.80313,30.839935,93.42571,79.03306,27.57544,26.63994,4.240131,2.4313352,515.7511,159.64963,97372.4,1
2020-07-20,31.900574,28.81658,98.18269,82.425705,26.540314,25.389986,5.0457277,2.9281576,710.4178,173.21185,97331.52,1
2020-07-21,30.800568,27.200644,96.77729,90.25359,25.984558,25.411886,4.330263,1.8089366,802.61334,185.12148,97653.805,1
2020-07-22,29.302704,26.918503,96.80427,88.56833,25.709259,24.828249,5.0452013,2.384267,661.13776,142.82222,97669.71,0
2020-07-23,33.79724,30.271744,87.82916,75.75994,26.016785,25.34812,2.5002007,1.7461406,804.1422,256.5037,97634.74,1
2020-07-24,32.955353,29.747124,90.46376,77.80806,26.93982,25.36126,3.3856318,2.204416,714.56,235.97925,97914.43,1
2020-07-25,34.389435,30.26502,90.20308,79.706184,26.918365,26.247055,4.5706453,2.646309,836.0356,227.11037,98050.71,1
2020-07-26,34.302002,31.379057,86.93541,76.08671,27.698456,26.496675,2.7783353,1.3467551,690.89777,212.05333,97948.805,1
2020-07-27,35.88748,32.24136,84.374756,72.52224,27.63797,26.525488,3.965194,3.2003078,847.2,231.39851,97669.664,1
2020-07-28,36.630096,32.659664,83.93286,69.56211,26.934998,26.17193,5.087591,3.1791258,825.5467,241.4911,97480.4,1
2020-07-29,34.233063,30.100998,91.67085,76.42027,25.955292,25.341156,3.9229515,2.7733848,656.4267,202.84149,97639.97,1
2020-07-30,32.55368,29.55802,94.31993,82.04129,27.055023,26.098135,2.9247105,1.7409353,715.7867,206.0274,97744.15,1
2020-07-31,34.295685,30.881872,92.69658,79.502335,27.634247,26.765366,2.158351,1.1292812,777.88446,231.62297,97672.914,1
2021-04-01,34.926758,26.90597,40.40311,24.171167,6.807373,3.5151646,8.925099,5.195809,991.55554,306.34964,97785.445,0
2021-04-02,35.053314,26.166697,38.855938,25.280958,6.266327,3.5010478,4.87553,3.391607,976.7822,303.4963,98124.04,0
2021-04-03,35.440826,26.34137,47.374115,27.128311,8.093842,4.068672,3.0421345,2.5359085,981.17334,304.77036,98370.68,0
2021-04-04,37.544342,27.729681,51.715458,30.040108,10.905365,6.6332755,4.640665,2.7008202,968.7822,300.78445,98360.195,0
2021-04-05,39.354614,31.149942,53.873245,29.369652,12.059448,9.603756,3.95175,2.3400578,937.79553,292.40668,98177.34,0
2021-04-06,38.75638,30.803062,54.570557,33.956463,15.447418,11.983787,3.868116,2.3223934,940.7111,280.38742,98080.59,1
2021-04-07,37.09259,29.916712,53.13283,34.932346,14.882874,12.014523,4.844201,3.0461023,951.1111,284.5637,98366.38,1
2021-04-08,35.84784,28.050224,42.02255,28.079597,10.630402,6.7940736,3.4282284,2.8715818,986.1511,308.53036,98314.6,0
2021-04-09,36.980743,28.186913,40.940685,27.745377,9.220337,6.392347,4.017528,3.0382328,997.3689,304.33334,98421.4,0
2021-04-10,37.737305,29.033083,41.249283,27.448929,10.354065,7.0012665,4.144464,2.5669124,984.6222,309.5148,98540.28,0
2021-04-11,38.8042,30.069998,45.80767,27.134699,10.29538,7.444187,3.6088943,2.515981,990.29333,310.21777,98537.195,0
2021-04-12,39.92691,31.018219,46.081993,28.780577,11.556671,9.313149,4.4131203,2.6332304,936.76447,296.04816,98572.945,0
2021-04-13,40.243073,31.692225,43.754272,27.237534,11.778503,9.352307,5.8288636,3.1583798,973.10223,291.0111,98381.93,0
2021-04-14,41.05551,31.494032,45.853786,30.716972,13.186401,11.245308,7.9479237,3.4712284,972.51556,273.14075,98263.91,0
2021-04-15,40.460205,31.536028,47.66668,29.520147,12.273346,10.319336,3.8039877,2.4751124,976.30225,296.4711,98161.34,1
2021-04-16,39.286194,29.83397,72.61475,39.293655,17.068634,12.558852,6.0434647,2.4709847,909.81335,268.54666,98131.82,0
2021-04-17,35.317596,28.656916,71.26262,43.39836,17.827942,13.763139,4.8558826,2.7459755,956.85333,285.16,98454.586,0
2021-04-18,36.99637,29.52423,67.21556,37.369934,15.925049,12.126439,5.0561423,2.289573,972.7289,299.67557,98491.1,0
2021-04-19,38.6102,30.65259,47.37967,31.337494,12.371643,10.651563,4.9979033,3.0793078,964.16,309.1948,98099.98,0
2021-04-20,34.702972,28.496954,60.834896,34.29521,13.201752,10.636406,4.652461,3.1185553,854.9867,241.06,98053.336,0
2021-04-21,34.00882,27.131912,71.99624,47.38912,16.439789,14.096267,5.452557,2.9488573,972.0711,301.88223,98341.57,0
2021-04-22,33.495453,28.151855,68.39585,43.331818,16.733063,13.801909,4.9168987,3.1588628,974.3289,308.04446,98477.76,0
2021-04-23,34.553467,27.158676,73.60058,49.11061,18.229767,14.6098585,5.655297,3.7614982,905.7778,267.70224,98323.695,0
2021-04-24,34.100037,27.90048,52.939575,33.639004,12.5660095,9.619587,4.8589344,3.6265829,1002.6311,321.8837,98439.65,0
2021-04-25,37.935272,29.536757,47.579674,30.192268,11.268036,9.072475,5.107302,3.2010467,1009.20886,324.45407,98377.97,0
2021-04-26,40.543213,31.244383,48.574894,29.231169,11.982269,9.620625,3.9152486,2.6573012,1007.18225,324.16742,98186.72,0
2021-04-27,42.030975,33.11151,46.78793,27.179281,13.087006,10.388778,5.3286133,2.8068764,992.5689,315.09628,98145.16,1
2021-04-28,42.90857,34.46379,36.144768,24.780558,12.675507,10.356361,4.4843445,2.7185013,951.30664,313.38666,98179.0,1
2021-04-29,42.86316,34.684784,41.12231,24.871437,12.955872,11.031433,4.487384,2.5241773,973.79553,304.40964,98167.27,1
2021-04-30,41.027496,34.193874,41.48726,28.874557,14.404053,13.048764,4.6229796,2.4080222,977.10223,302.64816,98179.414,1
2021-05-01,39.893066,33.57299,44.632328,33.36874,15.926971,14.755794,3.0135357,1.6581291,889.38666,269.8652,98161.15,1
2021-05-02,38.77188,32.320797,51.058884,36.03823,17.338104,14.910249,4.3349257,2.1392162,833.42224,234.82,98193.85,0
2021-05-03,38.73755,32.034706,59.846287,39.696915,17.466827,15.92711,4.4994264,2.5762272,917.3689,278.8163,97984.94,1
2021-05-04,39.55301,32.784626,59.936924,37.98087,18.84085,15.342373,4.5428724,2.459679,947.4489,280.98074,97937.01,1
2021-05-05,38.52533,32.317577,60.79607,45.774387,20.072205,18.48728,4.6974144,3.1851332,940.8356,276.26816,98019.73,1
2021-05-06,38.971222,28.914268,87.35944,59.607395,21.043915,19.35282,4.8718305,3.0916739,957.1911,282.3578,98255.21,1
2021-05-07,36.012207,29.071106,82.62097,58.50002,21.791107,19.264086,2.277381,1.4203315,922.7022,290.9252,98367.69,1
2021-05-08,38.0925,31.776632,69.48752,43.80434,20.340881,16.919493,2.7862372,1.9403583,891.4311,286.1348,98191.99,1
2021-05-09,38.49106,31.292604,71.48065,49.85181,20.016388,18.957644,4.3476806,2.1761248,947.0578,273.83853,98014.27,1
2021-05-10,36.862885,30.709074,72.48006,50.811005,20.239624,18.689577,5.5302315,3.1881669,960.4978,306.88,97874.16,1
2021-05-11,38.56604,31.583155,69.15857,45.79008,20.799744,17.321875,4.0381446,2.5481215,965.49335,297.00446,97754.51,1
2021-05-12,35.97055,29.700373,70.682106,52.43164,20.45047,18.285534,4.227193,2.0415418,913.49335,283.76224,97628.03,1
2021-05-13,33.626007,27.913492,77.10917,60.11585,20.174713,19.049055,5.8289213,3.3187838,860.4622,280.14075,97862.336,0
2021-05-14,37.341644,31.112642,74.74453,48.63556,20.356476,18.22354,4.9888663,1.8974873,953.49335,305.40222,97803.99,1
2021-05-15,36.583282,31.087183,72.3534,47.971806,20.846283,18.202278,2.7938707,1.9483773,930.3822,302.6363,97970.695,1
2021-05-16,40.211945,33.677967,56.157597,36.578793,17.757599,15.830436,2.5556254,1.8391114,985.95557,321.37112,98031.875,1
2021-05-17,38.259125,32.99255,66.55594,42.341732,20.1091,17.842154,5.329504,2.7864754,428.0889,150.89037,98052.6,1
2021-05-18,29.328339,26.835844,81.86481,65.48063,21.022919,19.748526,4.32083,2.922857,422.13333,77.51482,98123.35,0
2021-05-19,26.241425,22.679865,94.8588,91.38962,22.32901,21.175661,5.3647976,4.343781,167.07556,41.73852,97795.09,0
2021-05-20,30.4552,25.96283,95.77772,77.933586,23.476776,21.587118,5.053385,3.2710598,885.4756,181.45482,97731.51,0
2021-05-21,31.613281,27.177475,92.77115,74.11641,23.38272,21.969503,3.534899,2.1851606,924.8356,301.6526,97984.125,1
2021-05-22,34.197968,28.839203,82.185616,66.83494,23.074493,21.700623,3.4661467,1.5313082,954.1689,292.05038,97872.6,1
2021-05-23,34.306244,28.759293,69.96467,53.24771,20.410614,18.015411,4.079656,2.7445993,962.56,312.57925,98024.44,1
2021-05-24,35.92044,30.215414,60.100792,43.279484,17.621552,15.894038,6.752182,4.4362183,986.1689,327.65628,97962.125,0
2021-05-25,38.38156,31.44327,56.962074,40.016293,18.157318,15.642765,5.061125,3.5953262,997.1911,332.1,97606.945,0
2021-05-26,38.923615,31.648743,61.92378,43.49487,20.326385,16.714832,3.16396,2.0322323,990.2222,329.5126,97447.72,1
2021-05-27,39.889465,32.401875,78.43606,48.475803,23.7034,19.195942,4.9550033,2.400482,989.4044,329.0274,97526.09,1
2021-05-28,37.416718,31.98999,76.91218,62.264587,24.521362,23.601252,5.5203624,3.6141388,958.36444,318.20148,97664.19,1
2021-05-29,36.27881,31.20152,77.1148,59.69873,23.151459,22.159117,5.7053013,4.6653132,944.0711,311.98297,97797.914,1
2021-05-30,37.129547,31.182907,82.630745,62.020977,23.720154,22.675797,4.5948343,2.1257317,942.1511,310.56,97702.25,1
2021-05-31,38.99228,31.96224,90.10718,61.143417,25.097748,22.51471,4.5561256,2.6566055,940.5867,307.08444,97494.945,1
2021-06-01,32.56833,28.091146,80.13838,67.73167,22.637451,21.345816,3.1582901,1.8005395,844.5689,249.57483,97810.77,1
2021-06-02,35.233612,30.068108,76.304184,58.45659,22.081085,20.608534,2.8742921,1.6056824,862.86224,283.34592,97907.336,1
2021-06-03,37.162476,31.40125,78.17796,58.18841,23.088196,21.776556,2.1333678,1.1839694,926.89777,284.96518,97997.51,1
2021-06-04,37.674225,32.061474,75.84053,54.680527,24.142761,21.316545,3.303022,1.4511958,895.25336,301.86963,97915.09,1
2021-06-05,37.48123,31.560915,76.083,57.4322,22.717285,21.679886,4.080995,2.2586768,895.3422,285.9615,97832.69,1
2021-06-06,38.500763,33.13707,71.72229,52.78903,23.183441,21.637503,3.127779,1.8170971,914.88,291.33926,97738.43,1
2021-06-07,40.45999,34.767567,66.842575,47.182007,22.981781,21.287027,4.608278,2.7081566,911.5378,287.50815,97498.22,1
2021-06-08,41.76297,36.904648,46.226276,37.250484,21.352325,19.619211,8.2106085,4.9630294,887.6445,304.45187,97284.195,1
2021-06-09,43.072266,37.23825,73.04325,44.508907,25.739532,22.332895,5.926342,3.5648615,928.1778,290.36148,97177.586,1
2021-06-10,38.27481,32.821117,83.97109,64.50376,26.393585,24.937204,5.8810253,3.74088,886.89777,260.62888,97257.65,1
2021-06-11,38.839752,33.620327,81.88536,61.029636,25.688385,24.655478,5.472922,3.0697937,859.4133,266.42148,97210.34,1
2021-06-12,36.218536,31.177816,89.83697,66.61411,24.742004,23.925722,5.6931443,3.9405158,792.2133,259.34073,97389.69,1
2021-06-13,34.79059,30.71586,84.38839,67.249855,24.599152,23.689383,3.6272721,2.2436864,720.8,239.79704,97424.19,1
2021-06-14,37.51004,32.85364,78.47059,59.179123,24.516174,23.463701,3.1511462,1.9490951,862.3467,284.47556,97164.66,1
2021-06-15,37.361908,31.659006,91.42926,63.512573,24.315308,23.536077,4.671532,2.648024,887.1289,264.8052,96948.15,1
2021-06-16,34.14679,29.355438,88.881584,75.68893,25.371094,24.387146,3.2585497,2.0883706,806.7022,224.39703,97291.79,1
2021-06-17,35.919586,30.702982,87.82786,69.21024,25.283295,24.05635,5.001751,2.3326747,808.67554,270.24,97446.37,1
2021-06-18,34.70334,29.842844,86.03278,72.48957,25.098694,24.214348,4.52396,2.9917364,826.3111,243.54668,97504.12,1
2021-06-19,32.950226,28.913155,87.56175,75.193535,24.274506,23.900724,5.1009316,2.6916811,662.2756,227.92668,97489.59,1
2021-06-20,33.59201,28.743708,92.59914,77.15559,24.920502,24.085602,4.3454046,2.5334685,683.80444,208.90149,97607.125,1
2021-06-21,36.701508,32.101795,86.27782,64.7687,25.533539,24.224798,3.656981,2.1288607,862.9155,275.35406,97627.34,1
2021-06-22,39.85446,34.287655,71.53928,51.9453,24.72879,22.396566,3.9506056,2.0391996,883.4667,286.16296,97566.97,1
2021-06-23,40.016205,34.68758,81.77905,51.976498,26.009705,22.521545,4.184557,2.1237874,915.68,294.2437,97620.125,1
2021-06-24,37.40036,32.371716,82.78526,61.800457,25.809418,23.66661,3.9267848,2.0932324,851.18225,274.27036,97585.52,1
2021-06-25,38.555206,32.81073,85.907135,55.739407,24.92218,22.168093,4.2932754,1.7551432,881.56445,285.85852,97522.086,1
2021-06-26,36.91507,31.996313,82.076805,61.32339,24.155396,23.228445,3.040318,2.0577052,860.99554,271.29556,97755.85,1
2021-06-27,38.62613,34.240402,69.3896,54.91068,24.732208,23.507925,3.1323144,2.1182816,845.17334,271.20444,97907.35,1
2021-06-28,40.36728,35.388264,70.47692,50.222305,24.450592,22.842886,3.1571143,2.1089747,924.4089,295.72446,97717.88,1
2021-06-29,42.581177,36.5414,64.0114,41.854557,24.707703,20.797256,4.7686954,3.0108202,917.28,302.55112,97366.914,1
2021-06-30,43.023926,38.46297,48.854168,35.9005,21.622284,20.377928,9.014203,5.6161556,919.8578,291.26593,97128.875,1
2021-07-01,42.366882,37.76303,47.728134,38.75969,22.38443,21.024319,7.39408,4.3148894,920.4622,269.1874,97017.88,1
2021-07-02,41.897125,35.636734,66.39316,45.19251,23.264313,21.60353,5.684232,3.6650612,918.0267,271.75037,97239.305,1
2021-07-03,39.761017,33.477146,72.25427,53.4834,23.577423,22.278847,3.2427523,2.2048507,846.0622,252.8963,97518.086,1
2021-07-04,38.912445,33.88596,67.34538,53.455124,23.943756,22.752945,3.5203807,1.8144349,906.7733,277.0237,97641.71,1
2021-07-05,40.25775,34.935368,63.618786,49.547886,23.383484,22.485794,3.8455768,2.7093117,855.6445,279.29184,97624.13,1
2021-07-06,41.184845,35.24957,66.698494,53.379456,26.012909,24.018988,3.200682,2.2657034,851.07556,243.48889,97460.81,1
2021-07-07,41.98947,37.013237,55.833805,42.261257,23.267365,21.789642,4.913242,3.3088875,892.3911,276.17776,97355.29,1
2021-07-08,41.03839,35.948925,79.54926,48.25827,25.569702,22.447824,5.878033,3.8205392,774.5956,249.09038,97409.93,1
2021-07-09,37.830933,33.70084,79.54942,62.456726,26.123138,25.31682,4.5342617,2.7813652,781.12,267.2911,97524.586,1
2021-07-10,38.445953,34.6062,71.291725,59.577103,26.190887,25.376303,4.399317,2.8890219,858.4889,252.15852,97475.96,1
2021-07-11,37.656525,32.620106,84.853836,69.12044,26.679474,25.952185,7.4827175,4.7312293,777.2978,231.00446,97665.086,1
2021-07-12,36.299774,31.217806,87.01177,73.59034,26.423645,25.759714,6.05216,4.64804,660.4267,211.11555,97800.125,1
2021-07-13,33.239258,30.178843,86.32578,76.50891,26.522308,25.484045,3.6983643,2.6558552,706.1689,148.83408,97758.41,1
2021-07-14,35.632965,29.019278,92.269455,82.83224,26.817657,25.619385,3.6612241,2.851702,586.29333,155.33926,97717.055,1
2021-07-15,34.071808,31.15867,85.54825,77.049065,27.588226,26.571817,4.0853996,3.4417036,737.13776,237.32,97756.81,1
2021-07-16,36.510864,33.11107,83.46011,69.69787,27.449066,26.667883,4.3856893,2.8558598,746.3822,251.31776,97844.68,1
2021-07-17,37.58954,33.075344,89.23632,70.79382,27.500824,26.785822,3.0229206,1.5129582,826.9511,234.18,97563.85,1
2021-07-18,34.926544,29.717386,100.0047,85.66052,27.76007,26.770502,3.9485734,2.3059552,550.4711,143.97481,97327.414,1
2021-07-19,26.704254,26.083216,100.00723,98.25048,26.264862,25.78276,3.0161927,2.1407514,51.68,13.844444,97323.07,0
2021-07-20,31.39737,27.713076,100.00398,91.85165,26.890167,26.200876,2.548968,1.1810012,505.44,138.26149,97315.1,1
2021-07-21,34.078827,29.888,99.84359,84.215034,27.613007,26.77729,2.3104699,1.44232,797.28,204.96149,97173.03,1
2021-07-22,32.86441,29.2409,93.45176,84.540016,27.758759,26.301437,3.596535,2.4095917,777.95557,211.06444,97128.945,1
2021-07-23,33.99051,30.329376,92.97819,83.83713,27.98587,27.194565,2.9923615,1.7823781,687.23553,153.09778,97252.29,1
2021-07-24,35.53543,32.14062,94.00304,78.39779,28.746307,27.761688,2.6205864,1.5388235,798.89777,236.81036,97344.52,1
2021-07-25,35.707733,32.367516,89.69527,74.7846,28.37613,27.17475,3.504763,2.309819,782.93335,247.3926,97278.46,1
2021-07-26,31.91861,30.381647,93.93827,85.18861,28.265808,27.56845,3.263026,2.026328,363.46667,108.90888,97158.82,1
2021-07-27,29.739075,28.579294,97.15842,90.75574,27.55185,26.904253,3.8442938,1.8315045,244.30222,65.88,97033.914,0
2021-07-28,27.101349,26.700098,99.99856,95.992676,26.421051,26.003365,2.9818783,1.5669872,257.38666,52.867405,97216.75,0
2021-07-29,28.795074,27.537523,99.37761,94.61274,27.17154,26.582708,2.402707,1.2699695,555.98224,82.11926,97248.43,0
2021-07-30,29.838196,27.41767,96.37959,91.67233,26.955048,25.91742,3.1272929,2.0188303,416.12445,81.55778,97340.97,1
2021-07-31,32.985504,29.959991,95.919075,85.6345,27.896759,27.196785,5.042818,2.3627942,648.92444,173.05779,97349.19,1
2022-04-01,36.64377,28.204071,60.61908,38.91493,15.872955,11.125579,5.035185,3.331239,974.29333,301.50668,98162.54,0
2022-04-02,39.249115,29.429125,58.05794,36.652554,13.424225,11.516646,2.7046185,1.888337,962.89777,298.51038,98277.0,1
2022-04-03,39.60434,29.321856,55.790012,34.93107,14.464386,10.377513,3.8841152,2.3999734,985.5111,304.1911,98167.94,0
2022-04-04,38.916656,29.408545,56.664925,34.93836,13.2170105,11.023692,3.7913234,2.7120678,974.4178,303.1874,98245.24,0
2022-04-05,39.116943,29.017176,58.619926,36.081013,12.997742,10.613624,4.7673607,2.754748,978.3111,304.2274,98479.336,0
2022-04-06,39.46057,29.588007,58.62869,37.035194,13.5642395,11.618343,4.381748,2.8151236,970.61334,302.45557,98457.6,0
2022-04-07,40.39789,30.582083,58.084328,37.136066,14.427155,12.591704,4.425425,2.4033782,966.72,302.16888,98338.805,0
2022-04-08,41.69806,31.097214,60.8757,37.54963,15.152496,13.074979,3.9996946,2.2362282,973.79553,304.3918,98069.94,1
2022-04-09,42.228394,32.062412,61.000465,36.10667,16.814728,13.423663,4.4735336,2.0927427,966.72,288.02667,97922.06,1
2022-04-10,42.022858,32.10036,53.731853,33.940445,14.845551,12.928952,5.1682725,3.2082539,972.76447,305.3563,97883.96,1
2022-04-11,42.242065,33.213184,53.94111,31.318357,14.936615,12.806625,4.3351994,2.5122206,970.8444,301.4822,97814.81,1
2022-04-12,39.41446,31.904638,57.377773,37.670147,19.020416,14.822986,3.6391263,2.3536484,863.1289,266.59036,97830.44,1
2022-04-13,39.9545,32.29377,56.559174,32.061947,17.597076,12.293197,3.2520003,1.9665651,973.56445,304.96445,97756.75,1
2022-04-14,40.280243,31.297455,62.52268,36.324795,16.85202,13.330432,4.6328635,2.9176595,973.74225,300.22742,97748.22,0
2022-04-15,39.881622,31.141726,58.411915,36.676636,15.050079,13.305576,4.6147733,2.3839827,972.05334,304.75482,97715.07,0
2022-04-16,40.243866,31.421778,59.711426,36.188034,15.760132,13.08868,4.2418,2.0551398,982.29333,306.03482,97725.32,1
2022-04-17,40.808624,32.346554,57.251675,36.111965,16.010406,13.978669,2.952583,1.9703649,981.49335,311.28,97818.836,1
2022-04-18,41.551422,32.301136,68.854515,41.604317,19.213715,16.303995,3.4848893,2.109818,969.20886,302.0837,98002.52,1
2022-04-19,42.339905,33.36981,49.991886,34.241104,16.40158,14.354752,5.1384454,3.231681,971.7867,295.76297,98117.13,1
2022-04-20,41.52179,33.670494,45.70879,32.44458,15.827179,14.1685915,5.687177,3.5052044,983.36,311.0259,97991.41,1
2022-04-21,35.82132,30.204634,61.963074,42.029995,17.192047,15.308072,4.3735704,2.3820283,779.30664,200.6111,98175.99,0
2022-04-22,38.4151,31.141657,61.85093,37.670647,17.78775,14.244137,4.250166,2.3856988,914.5956,296.66888,98205.27,1
2022-04-23,39.610138,31.357819,51.88741,33.00378,14.076599,12.093529,4.0942163,2.7075508,991.76886,315.00296,98195.29,0
2022-04-24,39.96457,32.240677,45.41026,29.327133,12.672791,11.222617,6.618714,3.566858,986.8089,317.75778,97987.44,0
2022-04-25,40.67227,33.401134,46.5777,31.296556,18.761627,13.4590225,5.531205,3.195,981.10223,293.90222,97927.28,1
2022-04-26,41.043365,32.40619,54.796906,35.59806,16.056244,13.934281,4.822858,2.8536532,984.05334,311.87704,97958.66,1
2022-04-27,41.66034,32.883278,53.88601,32.062305,16.125732,12.566426,4.711149,2.6873434,1001.9378,323.0778,97890.4,0
2022-04-28,43.239502,34.521877,48.555023,33.9038,17.91159,15.165596,3.7458766,2.2154958,988.64,316.03555,97918.43,1
2022-04-29,44.007538,35.057903,42.003193,27.640299,15.231903,12.740031,5.251501,3.4999669,971.0222,314.6074,97773.54,1
2022-04-30,43.878815,35.376297,51.7233,29.437513,17.258118,13.671067,3.4384909,2.6365497,979.52,314.9074,97536.34,1
2022-05-01,40.041473,33.064777,62.686855,47.28134,21.463501,19.800367,6.388351,4.25843,918.18665,296.48666,97529.02,1
2022-05-02,39.289764,33.860226,64.477554,50.745663,23.546478,21.764502,6.4693427,3.9205682,967.4667,311.4326,97566.63,1
2022-05-03,39.223175,33.479076,69.27178,49.933823,23.15567,21.061277,5.5969777,2.4137037,954.56,298.21408,97840.555,1
2022-05-04,38.226044,29.970612,92.07472,61.1411,23.893341,20.956285,6.1234665,2.813143,912.0356,284.33408,98059.98,1
2022-05-05,36.568817,30.624392,84.06382,55.769928,21.82901,20.022427,2.9971666,1.4701368,936.4622,303.0822,98033.09,1
2022-05-06,38.748016,31.930105,68.87442,49.31555,21.125763,19.250603,2.6435401,1.6703529,849.44,293.05038,97999.69,1
2022-05-07,39.544525,32.453766,69.24546,45.316128,20.204987,18.1501,3.0102124,2.0264516,933.5467,297.03036,97931.96,1
2022-05-08,40.07776,33.62586,70.52246,46.642303,22.356476,19.523825,4.1737313,2.7466323,980.1422,316.10815,97781.49,1
2022-05-09,39.357178,33.760975,69.11507,51.129894,22.862091,21.776495,4.946255,4.0743217,962.11554,303.32666,97796.07,1
2022-05-10,38.813385,33.82126,70.20662,52.857258,23.578339,22.445908,4.6325784,3.3228605,925.0133,301.71927,97786.71,1
2022-05-11,40.759003,34.879417,68.64645,52.236053,24.750336,23.14319,3.875175,2.8280747,932.9067,297.09705,97598.13,1
2022-05-12,42.07608,35.431293,69.121025,48.111675,24.402435,21.991236,3.8777301,2.7203531,940.1778,306.25037,97420.37,1
2022-05-13,42.76767,34.775146,73.77962,49.700947,23.912018,21.725693,4.271012,2.540025,973.0489,314.3348,97186.82,1
2022-05-14,44.525726,36.7412,70.73434,36.74512,24.394928,18.024977,4.1610637,2.291036,994.57776,326.9141,97268.26,1
2022-05-15,44.672028,37.27726,50.068005,34.480515,21.285675,18.333097,4.5760574,2.4494905,994.04443,318.52,97365.29,1
2022-05-16,42.469147,36.143063,63.71036,33.485245,20.941132,16.083467,5.411298,3.7771673,933.9911,299.44962,97381.945,1
2022-05-17,40.95572,34.633545,67.7654,43.611134,22.860382,19.575476,4.602534,2.3104882,966.36444,289.12518,97500.77,1
2022-05-18,40.558014,34.097767,59.946735,44.667847,21.615753,19.800661,3.0269043,2.234502,946.8089,292.2585,97681.03,1
2022-05-19,42.934723,36.020664,59.16252,42.214436,22.83368,20.119095,4.3274093,2.0550413,973.4756,316.68814,97516.15,1
2022-05-20,44.58792,36.983143,55.119663,35.389194,21.447662,17.93619,4.2893376,2.6406524,975.0222,314.5015,97255.94,1
2022-05-21,42.66281,33.999317,65.4022,39.538918,20.816437,17.159466,5.5838013,2.4387052,961.8311,273.71628,97071.305,1
2022-05-22,39.318756,32.84329,67.07954,45.381134,21.020294,18.587431,5.497585,2.983279,969.7244,309.98444,97038.99,1
2022-05-23,31.103485,26.05668,93.73657,68.52765,21.020111,19.457594,8.423119,6.2612267,947.69775,282.72296,97420.29,0
2022-05-24,31.482574,26.420965,92.88036,76.21014,22.480194,21.66391,5.224394,2.6373837,629.81335,197.90001,97953.22,1
2022-05-25,33.904938,29.276993,91.43227,67.420586,23.22696,22.15915,2.5887685,1.5849866,799.3778,274.34296,97930.49,1
2022-05-26,36.934967,31.071692,84.496544,59.007553,23.444122,21.423737,2.9090278,1.7035265,951.68,315.59555,97697.23,1
2022-05-27,39.149933,32.963696,74.55784,54.99661,24.061432,22.160498,3.1618981,2.0560055,947.25336,293.09705,97405.586,1
2022-05-28,40.764008,34.431866,79.38911,54.55306,26.549469,23.224754,3.3066638,1.869757,920.6222,302.0911,97270.01,1
2022-05-29,40.173065,33.972416,79.76345,55.743847,25.364899,23.160223,3.5247214,2.6891956,964.4622,296.67184,97332.805,1
2022-05-30,40.63321,33.98557,77.152374,55.073666,25.4581,22.868347,3.9466882,2.1649387,960.1067,293.36444,97428.27,1
2022-05-31,40.643402,33.659668,77.33523,50.221985,23.444489,20.873045,3.9128582,2.2414365,926.56,297.28665,97437.97,1
2022-06-01,42.837738,35.049816,68.91712,39.150295,22.392487,17.950361,3.971402,2.58798,925.95557,300.6511,97491.0,1
2022-06-02,42.901703,35.435307,54.956066,37.577335,22.079498,17.917746,2.9638927,2.2351978,912.44446,285.89407,97441.56,1
2022-06-03,43.835358,35.567417,60.583527,35.559277,22.558624,16.077593,4.8640904,2.685851,986.75555,319.60446,97381.945,1
2022-06-04,44.56363,36.420338,49.816093,31.326897,18.642853,15.039371,3.3635175,2.2032042,977.6178,310.15854,97405.77,1
2022-06-05,44.43857,36.41289,50.222893,29.356262,21.831207,14.795333,5.503201,3.0425303,975.8222,291.90073,97426.43,1
2022-06-06,43.292023,36.818024,39.58933,28.010897,17.216766,14.600891,3.8543553,2.5373812,982.24,322.1148,97344.54,1
2022-06-07,44.01306,37.824184,37.47553,27.112297,17.641022,15.124745,5.764243,3.9862878,959.25336,290.87482,97304.336,1
2022-06-08,43.83484,37.651546,35.877052,26.360754,16.85495,14.690455,7.215711,4.3614206,951.66223,316.81113,97251.48,1
2022-06-09,43.379242,37.541172,40.9607,30.98638,21.588043,17.016565,5.71167,3.081256,854.3289,266.21777,97207.1,1
2022-06-10,43.664764,37.655323,37.91315,29.567099,20.160004,16.4165,6.1591225,4.476732,944.2133,301.83035,97255.44,1
2022-06-11,44.016907,37.88081,36.00081,27.06161,19.870422,15.323457,6.3801756,4.512716,955.76886,310.36594,97310.49,1
2022-06-12,43.68631,37.79575,38.063,29.573853,18.932343,16.638361,5.4139776,3.3606822,950.9867,303.97482,97477.37,1
2022-06-13,43.597443,38.35115,47.143345,32.199547,20.567719,18.371553,7.0363955,4.9289417,842.1511,257.6215,97540.84,1
2022-06-14,39.890594,35.704723,51.36388,43.55696,22.33612,21.274338,6.4178834,5.5413,863.8933,257.59927,97538.22,1
2022-06-15,41.861816,36.375233,58.204216,42.427692,23.30478,21.085253,6.537807,4.51039,871.5378,277.25925,97362.414,1
2022-06-16,38.88846,33.85716,74.32246,52.712246,23.298859,22.473816,4.2911634,2.9631665,869.76,294.82224,97500.34,1
2022-06-17,34.83545,29.555124,85.655075,68.44523,24.159515,22.904001,5.060535,2.2467756,682.29333,212.35112,97604.44,1
2022-06-18,31.709717,28.610601,88.596886,77.1695,25.22113,24.100172,3.4454503,1.9542556,733.92,192.78888,97674.12,1
2022-06-19,31.621307,27.792398,92.70046,77.33437,23.741577,23.343903,4.300232,1.8891786,627.5733,160.38889,97595.79,0
2022-06-20,34.134735,29.757036,87.36862,67.8792,23.82846,22.82865,1.8406808,1.1078933,792.33777,276.64667,97385.4,1
2022-06-21,34.109344,30.087074,81.54734,67.25489,24.062164,23.140295,3.5515807,2.0202098,870.20447,277.70148,97420.875,1
2022-06-22,36.808197,31.53008,78.66418,62.19099,24.58957,23.073914,2.6671805,1.8982428,867.2178,272.3326,97849.02,1
2022-06-23,38.110016,32.860126,69.45891,50.23209,23.037567,20.47666,5.0445585,3.180047,926.24,309.63187,97818.87,1
2022-06-24,39.404114,32.753956,65.28256,44.785244,21.265015,18.217562,3.9260006,2.7410228,961.0845,321.21036,97570.695,1
2022-06-25,40.110626,34.489838,74.66393,41.997105,24.86441,18.836145,3.6893885,2.0723417,948.1778,317.1052,97368.44,1
2022-06-26,39.92563,34.87969,75.776726,58.63425,26.58377,25.173254,5.5752754,3.9151118,858.8089,245.51332,97526.44,1
2022-06-27,39.9693,35.772697,71.2815,56.028965,26.213104,25.364538,4.994421,3.070977,872.2844,276.68887,97543.57,1
2022-06-28,40.756317,35.98863,70.62676,55.04655,26.312592,25.194239,4.339845,2.4819038,740.0711,258.6111,97205.87,1
2022-06-29,39.145905,33.415173,84.8954,66.81956,27.828735,26.108606,4.5287094,3.2191846,816.0711,253.97333,97060.836,1
2022-06-30,27.456848,26.48159,99.26033,95.216156,26.554688,25.649721,3.4767883,2.289403,252.64,44.265926,97427.375,0
2022-07-01,31.401154,28.759941,93.44352,84.88318,26.571747,25.892359,2.0635345,1.1112216,611.32446,167.40889,97377.29,1
2022-07-02,34.0737,30.391523,95.05036,81.06711,27.682526,26.632349,3.614834,2.2662382,770.88,211.76074,97255.21,1
2022-07-03,33.77951,30.61292,93.10117,81.899345,27.819794,27.056784,4.171349,2.0939245,803.36,209.47112,97380.82,1
2022-07-04,35.493683,32.624165,88.38772,76.24916,28.527924,27.780588,2.498515,1.6091856,741.17334,209.06,97323.37,1
2022-07-05,37.354065,33.861813,87.06317,71.04921,28.853607,27.69845,3.561672,2.8123548,690.5956,214.17259,97337.4,1
2022-07-06,36.470764,33.435013,88.18906,71.51083,27.934296,27.445631,4.480073,2.9516532,837.79553,246.7237,97658.82,1
2022-07-07,37.11331,33.59998,86.13255,68.72197,28.196625,26.868921,4.652896,3.0256147,865.70667,254.64221,97711.06,1
2022-07-08,37.995667,34.404453,80.71392,65.20581,27.582855,26.668367,3.8694193,2.4174037,805.17334,273.2963,97421.54,1
2022-07-09,35.22397,30.838419,90.30664,79.72939,27.682404,26.814047,5.0418563,3.7609284,713.2622,181.50444,97384.07,1
2022-07-10,32.983185,29.58904,95.68886,83.48892,26.848022,26.413385,4.5119104,1.9064208,739.76886,183.98592,97525.18,1
2022-07-11,36.365387,32.444767,87.66193,72.06598,27.656647,26.548332,1.8465588,0.978513,876.76447,266.0037,97524.85,1
2022-07-12,33.454132,31.13819,89.609406,77.6673,27.587433,26.654825,3.1460533,1.9995972,786.25775,219.25111,97462.29,1
2022-07-13,36.09189,31.412924,88.110664,78.70176,28.15799,27.10739,3.5659564,2.8515537,858.3289,240.16888,97278.055,1
2022-07-14,36.26358,31.858496,80.6565,71.217545,27.188904,25.914755,4.407162,3.5665686,813.2622,262.7526,97290.555,1
2022-07-15,37.052307,32.665867,78.17834,67.76177,26.422394,25.785604,5.3534255,4.2405066,865.56445,268.32074,97451.125,1
2022-07-16,35.501007,29.800917,97.75992,81.64011,26.6893,26.073145,3.6376512,2.7113755,824.5333,208.04889,97580.9,1
2022-07-17,34.450043,30.634153,94.47698,82.199684,27.909119,27.114954,2.6796021,2.0661798,783.36,215.96074,97705.9,1
2022-07-18,36.869263,33.21866,87.99161,72.48541,27.835052,27.398764,2.9023988,1.8891091,827.4133,248.29926,97532.375,1
2022-07-19,35.21054,32.347744,91.885475,78.41302,28.60257,27.992315,3.416721,1.5184737,788.1778,218.81926,97413.93,1
2022-07-20,33.041565,28.610077,95.29667,88.09961,28.278168,26.387259,4.855845,1.9503311,431.64444,135.97481,97512.02,1
2022-07-21,32.812653,29.233536,97.35405,85.667725,27.395477,26.474482,1.9248425,1.1137975,457.33334,137.59038,97742.06,1
2022-07-22,32.801666,29.406385,96.152626,86.258026,27.567047,26.77334,3.60556,1.8762474,770.8089,191.08888,97796.055,1
2022-07-23,33.35913,29.701513,93.14602,83.97028,27.709076,26.647882,5.4654117,3.7043145,483.62668,117.55704,97658.76,1
2022-07-24,33.318115,30.173325,89.36076,80.060234,27.230194,26.288727,6.1828656,3.888155,795.91113,200.95778,97676.94,1
2022-07-25,34.316925,30.398413,90.01633,77.3471,26.311127,25.856775,6.3988957,4.1195083,665.0311,211.02815,97914.414,1
2022-07-26,33.4122,29.967966,90.55184,78.950775,26.874634,25.824945,5.6258507,3.7130632,720.48,189.53851,97954.84,1
2022-07-27,33.17325,29.747702,95.59822,84.30717,27.697144,26.734177,3.6954482,2.936141,716.64,204.82149,97968.12,1
2022-07-28,32.272034,29.073715,96.2789,88.32919,27.706635,26.889734,2.556066,1.2326847,670.8089,143.73111,98068.73,1
2022-07-29,32.460968,28.482935,95.50755,89.494194,27.621796,26.524384,3.4462674,1.7567085,488.53333,111.76963,97956.625,1
2022-07-30,32.48996,28.485764,96.33054,88.45923,27.013245,26.290571,2.103384,1.3769546,515.1644,115.90741,97762.56,1
2022-07-31,32.11615,29.342087,92.650085,82.50577,26.47644,25.96634,3.2009387,1.6950194,712.08887,202.22517,97557.875,1
2023-04-01,27.811249,22.000381,98.11894,76.802574,18.162476,17.333654,1.9678252,1.2105972,882.79114,234.69037,98376.9,0
2023-04-02,29.548615,23.190401,95.7416,71.29342,18.006073,17.099997,3.7486231,2.36151,868.12445,269.59335,98244.87,0
2023-04-03,31.410187,24.661402,87.30941,66.02768,18.134613,17.369066,4.6542416,2.339309,931.1644,272.25998,98174.625,0
2023-04-04,30.4375,24.15747,91.342255,64.39187,17.839203,16.506687,4.01763,2.4276059,930.0978,281.38593,98429.445,0
2023-04-05,31.640778,24.63443,75.74516,51.540257,15.487335,13.254608,3.9665294,2.8107703,951.84,295.71777,98480.836,0
2023-04-06,32.83194,25.331995,72.63886,49.398075,14.188202,13.244538,4.072522,2.967097,947.3778,282.4,98694.72,0
2023-04-07,32.63089,25.060472,72.70426,43.114475,15.058563,10.443494,4.335979,3.18022,987.07556,308.1874,98833.1,0
2023-04-08,33.465057,25.230164,70.30957,42.038914,12.2752075,10.028445,3.253226,2.7312553,985.4044,308.25482,98883.305,0
2023-04-09,34.431763,25.777376,73.85721,44.08188,14.360809,10.895036,3.5963383,2.2064154,977.0133,305.64224,98806.76,0
2023-04-10,34.686615,27.029348,69.84371,39.43653,13.080353,10.764819,4.158967,2.47523,963.5022,303.59702,98654.32,0
2023-04-11,35.884552,28.777626,50.17396,35.42969,12.745789,11.11169,5.9157233,3.3886325,968.67554,292.9015,98591.87,0
2023-04-12,37.18625,29.752228,60.70406,38.226597,15.200836,13.079402,5.9516926,3.3686514,952.7822,290.57037,98506.04,0
2023-04-13,38.066986,29.880905,58.711727,36.84984,14.667511,12.2257185,4.251941,2.8080597,971.7156,304.98,98342.34,0
2023-04-14,39.119232,30.704351,55.46272,33.097725,14.175568,11.043838,4.0848613,2.481232,987.0222,304.5889,98277.94,0
2023-04-15,40.724213,31.688751,56.74749,31.903234,14.634369,11.461887,2.6463368,1.9644097,982.9689,309.12073,98219.664,1
2023-04-16,40.279022,32.466846,50.636524,33.40759,15.489227,13.318395,3.773531,2.280442,910.6311,283.08817,98122.695,1
2023-04-17,40.83499,32.41624,52.92087,34.12175,15.512909,13.317542,2.7274017,2.0110004,910.04443,290.94592,98152.22,1
2023-04-18,40.763336,33.017193,60.39056,34.81825,16.232758,14.301216,5.050293,2.5527456,938.4533,299.40814,98224.664,1
2023-04-19,39.27591,31.118752,61.623566,41.504463,17.496857,15.598189,4.92948,2.490271,960.9067,286.02518,97924.086,1
2023-04-20,37.37433,30.035446,67.9151,42.43291,18.547577,15.0111,3.3936424,2.4693577,899.7867,287.4237,97711.87,0
2023-04-21,35.93399,29.276085,68.4188,40.016308,17.605438,13.133411,3.6568265,2.1774182,933.8489,284.22964,97877.37,0
2023-04-22,36.379303,29.417105,56.5702,31.881884,14.6492,10.067403,4.201554,2.7452796,954.9511,306.70816,97945.836,0
2023-04-23,32.153015,26.698004,63.045372,39.338516,14.292175,10.881962,3.8536563,1.9071822,912.8711,284.6148,98194.03,0
2023-04-24,32.663605,26.68505,62.897133,41.33636,13.850189,11.730388,5.519808,3.5354316,898.4178,264.04666,98535.02,0
2023-04-25,34.513763,27.706856,59.626682,41.619812,13.7812805,12.771488,4.2637057,2.5261483,974.57776,311.8074,98533.71,0
2023-04-26,36.445465,29.77479,52.71046,37.580097,14.526001,12.98399,3.0681298,2.1020412,903.91113,265.56888,98232.93,1
2023-04-27,37.914215,30.298513,49.848576,36.42898,14.278748,12.959546,5.4333954,2.0783098,879.1289,272.96964,98227.836,1
2023-04-28,33.570953,28.41475,65.2441,44.42631,17.09137,14.590087,2.7018366,1.6694345,635.0222,194.59557,98312.63,0
2023-04-29,32.689545,27.346762,80.65469,55.023556,19.811554,16.951162,4.6234665,2.084027,866.9867,225.8,98235.22,0
2023-04-30,29.096283,24.520721,91.90833,68.56414,19.73526,17.891344,4.066897,2.073604,849.7244,230.14519,98167.586,0
2023-05-01,26.905853,22.697962,92.96717,83.23438,20.349121,19.583872,4.0386286,2.7603405,710.4533,170.69185,98235.79,0
2023-05-02,27.13565,22.91066,99.250084,88.09223,21.484741,20.740814,4.6942415,2.7937868,689.70667,176.47778,98378.35,0
2023-05-03,26.776764,23.104856,97.31442,80.05271,20.863373,19.2693,5.0186195,2.1585803,788.51556,206.75482,98467.62,0
2023-05-04,31.405823,25.982635,91.88429,71.30329,21.630219,19.890802,2.2868557,1.5067883,892.5867,284.29483,98401.94,1
2023-05-05,34.276978,28.174332,83.09603,57.480312,20.315796,18.409834,2.6036553,2.0171008,927.36,293.79556,98176.26,1
2023-05-06,35.66794,29.124346,69.09631,50.747498,18.896454,17.32677,4.289706,2.8177872,958.4,302.45407,98029.54,0
2023-05-07,36.645477,30.148026,64.653336,47.239307,18.18039,16.873615,3.917339,2.7345293,955.1289,305.78888,97936.24,0
2023-05-08,36.842224,29.989136,78.34687,47.376846,18.413116,16.628689,6.065506,3.1693704,975.2889,292.83112,97943.48,0
2023-05-09,37.07077,29.761911,75.1271,41.257496,18.782257,14.164605,4.5024576,3.0873547,1012.6222,329.82297,98132.805,0
2023-05-10,36.504333,29.01883,61.442066,36.40803,13.466492,11.358689,4.5771523,3.280709,1019.55554,334.8052,98081.81,0
2023-05-11,38.72467,31.216171,60.486473,35.3511,15.084442,12.7050295,2.4941041,1.733416,1013.0845,332.65036,98133.44,1
2023-05-12,41.173065,32.74405,65.61974,36.689007,19.08957,13.869159,3.8653026,2.7345562,995.3422,327.5489,97979.46,1
2023-05-13,41.13443,33.78834,52.77313,37.10693,18.756226,16.073643,3.4728725,2.6588125,988.05334,323.88962,97894.44,1
2023-05-14,40.729523,33.18697,54.128742,38.633022,18.082611,16.493021,4.565082,2.7864282,981.2267,295.5615,97622.99,1
2023-05-15,40.71933,33.53699,51.621098,36.41525,17.996979,16.037792,4.793721,2.8516026,985.81335,317.03555,97652.21,1
2023-05-16,40.02542,33.21037,49.01409,35.588768,17.37268,15.353683,4.669655,3.1094835,985.28,317.4,97845.945,1
2023-05-17,40.870605,33.349926,57.410603,38.129513,18.71457,16.563494,8.124583,3.3600595,927.4311,302.2637,98021.055,1
2023-05-18,36.450256,31.086523,65.044075,48.745106,20.362122,18.623684,6.0296903,3.2433853,975.6445,313.8215,98321.87,1
2023-05-19,38.28839,31.818964,62.21999,44.039204,19.573944,17.216713,5.5174637,3.6479092,987.69775,325.87112,98008.35,0
2023-05-20,40.43567,33.192413,58.233444,39.95,19.163147,16.697403,5.321751,3.0404823,991.18225,327.20593,97837.77,1
2023-05-21,42.75186,35.468723,47.380646,32.483322,19.621735,15.706904,5.32242,2.5408337,987.2711,318.0126,97867.09,1
2023-05-22,43.203125,36.752163,49.772133,31.566956,19.66623,16.621243,6.006066,4.251674,927.2178,293.8185,97912.055,1
2023-05-23,43.826385,36.03172,62.12507,33.487797,20.70874,16.61281,6.9175243,4.342414,962.4533,280.89926,97888.6,1
2023-05-24,36.63394,30.21586,77.28552,52.288067,21.167664,18.724464,5.914563,3.713834,913.9911,270.82224,98000.625,0
2023-05-25,36.122223,28.444555,78.99623,58.672222,20.798615,18.96842,5.2522907,2.3131373,946.75555,224.14961,97922.625,1
2023-05-26,34.346863,28.810982,82.426125,61.159668,22.831573,19.886648,4.2602205,1.5753078,956.1067,271.51407,98043.164,1
2023-05-27,33.50949,27.737219,95.31739,65.66357,22.310883,20.241709,4.352042,1.983077,950.79114,246.95038,98028.27,1
2023-05-28,34.93976,30.18897,89.587906,60.14856,21.92392,21.129095,5.1557684,2.5348217,889.06665,285.4348,98159.664,1
2023-05-29,33.552185,27.571548,90.14906,70.8965,22.800629,21.60936,4.5144243,1.7479373,858.68445,232.74815,98295.086,1
2023-05-30,34.729156,28.48163,93.22764,63.986286,22.372711,20.483027,4.426456,1.7026216,891.76886,292.12592,98197.81,1
2023-05-31,32.00006,26.996347,92.23523,68.32031,22.445038,20.26444,4.04796,2.6625035,860.4622,270.75632,98168.81,0
2023-06-01,33.201447,27.371391,86.31324,66.6013,22.066437,20.141565,3.5486927,2.1932874,921.0845,294.83112,98089.75,0
2023-06-02,35.213623,29.48704,78.42892,58.860935,22.237946,20.09738,3.5664485,2.113753,876.16,269.17703,98025.914,1
2023-06-03,36.70456,31.183813,70.89944,49.598434,20.947083,18.759064,3.454702,2.0638738,956.4089,318.7474,98020.85,1
2023-06-04,35.943726,31.021154,67.11939,53.265896,21.384003,20.036058,3.150896,2.5091364,814.4533,266.70667,97951.695,1
2023-06-05,38.89267,32.77037,64.737114,43.593334,20.699646,17.851347,4.175776,2.639523,907.73334,301.49408,97831.555,1
2023-06-06,38.958893,32.467056,65.12072,42.345825,19.036499,17.169651,5.019476,2.1346643,905.2267,283.7911,97819.5,1
2023-06-07,39.119476,32.906296,60.234695,39.652454,19.284454,16.260138,5.4564466,2.371061,913.4756,285.95035,97813.586,1
2023-06-08,40.949615,34.233273,55.27241,36.70159,18.619263,16.475122,5.486213,2.909228,882.6667,294.61557,97691.9,1
2023-06-09,41.520416,35.003017,55.866272,37.631123,19.672943,17.71696,4.3741045,3.3124945,915.94666,306.98593,97386.555,1
2023-06-10,41.306488,35.4054,60.332687,40.455868,20.54721,19.387733,5.5048065,3.7366183,837.76,268.26666,97341.52,1
2023-06-11,40.39496,34.411312,62.84297,45.706085,22.147888,20.548193,7.3321247,3.828993,895.5022,278.85037,97358.94,1
2023-06-12,41.78479,36.46843,59.24825,44.160908,22.868927,21.774817,6.67206,4.447121,912.8711,302.69925,97285.65,1
2023-06-13,42.27069,36.784866,46.413578,34.941788,21.175934,18.448114,8.375571,5.771755,914.13336,300.0941,97276.53,1
2023-06-14,41.315094,35.81903,50.76576,40.68733,22.06482,20.14131,8.261605,5.6264863,906.3822,287.0585,97382.25,1
2023-06-15,38.507935,33.98782,63.46153,48.307285,22.031067,21.252113,8.245923,4.587376,877.3689,281.9511,97556.23,1
2023-06-16,39.682617,33.508465,69.90861,55.16454,24.547302,22.909552,5.46116,3.0108356,880.99554,251.29407,97515.43,1
2023-06-17,38.922424,33.90772,85.55692,56.62009,26.215302,23.587786,3.7227635,1.7281364,780.0711,257.7452,97541.06,1
2023-06-18,36.773468,31.927622,85.02178,65.77383,25.953613,24.416483,5.608408,2.3993745,819.5022,221.10518,97503.51,1
2023-06-19,35.510315,30.773352,87.92725,69.76023,25.759491,24.37394,3.533673,2.8064451,773.35114,176.42444,97346.586,1
2023-06-20,34.91855,31.558357,84.4252,69.22152,26.098846,25.033895,3.770346,2.8475711,684.0,198.44221,97436.48,1
2023-06-21,36.574707,32.64232,84.38521,68.97776,27.363983,25.98288,2.6178215,1.2196687,728.60443,227.46149,97511.85,1
2023-06-22,37.15674,33.406315,85.04146,68.628716,27.858276,26.686445,3.7383456,2.1701317,568.2489,190.78296,97496.12,1
2023-06-23,35.78827,32.316803,87.939354,76.996826,29.103058,27.660517,4.333674,1.9807721,782.7733,154.78667,97490.41,1
2023-06-24,35.841156,31.982483,95.310425,77.316124,29.080475,27.333033,3.247812,2.372741,683.52,205.94444,97441.32,1
2023-06-25,28.900787,27.01062,99.24473,93.90064,26.987732,25.917002,2.8394117,1.3530236,314.15112,78.59408,97635.74,0
2023-06-26,31.395172,28.38733,99.50699,86.799446,26.272858,25.89187,3.29118,1.2849375,595.69775,137.52888,97623.9,1
2023-06-27,33.405365,29.985212,95.04176,80.63865,27.176758,26.159948,3.2538013,1.7931083,711.5733,222.39185,97549.02,1
2023-06-28,33.462982,30.17521,89.325966,79.80289,26.476654,26.22486,3.639369,2.1478665,634.7378,188.55927,97657.35,1
2023-06-29,31.711914,29.587675,94.337,83.060104,27.509338,26.337435,3.2910156,1.9203881,637.8311,126.44666,97547.695,1
2023-06-30,33.795135,28.89673,95.55736,84.95301,27.111969,26.006079,4.1790485,2.2196057,801.2267,212.5363,97430.04,1
2023-07-01,33.796112,30.04061,93.21443,79.739204,27.1893,26.016586,2.9018064,1.6643597,782.4178,246.53851,97534.47,1
2023-07-02,34.97876,30.981531,90.62977,76.262924,26.509918,26.146067,2.821258,1.9444956,784.26666,264.86813,97555.836,1
2023-07-03,37.101715,33.18727,85.94822,71.82046,28.320312,27.20704,3.155839,1.6191927,839.25336,269.42294,97439.664,1
2023-07-04,35.257477,31.11027,90.03681,78.644875,27.699371,26.8143,3.9654,2.454837,821.2622,246.7163,97369.16,1
2023-07-05,33.027954,29.717524,92.702675,82.3777,27.487274,26.307428,4.3639593,3.0152576,697.56445,215.23036,97426.15,1
2023-07-06,30.466156,27.883032,98.491974,90.162346,26.497131,26.075766,3.7249022,2.6657543,551.52,130.82964,97606.5,1
2023-07-07,31.773468,29.06788,96.416214,86.1665,26.989838,26.454584,3.7372513,2.464218,654.56,167.75555,97642.06,1
2023-07-08,29.324585,27.515596,98.872986,94.85937,27.369843,26.603416,4.643325,3.2597525,293.4222,76.36222,97602.09,0
2023-07-09,30.014832,27.489471,98.453995,94.02463,27.657257,26.433126,4.766224,2.9263904,387.39557,90.5563,97595.93,1
2023-07-10,30.275726,27.97819,98.18156,92.421104,28.076141,26.599106,3.1084933,1.8462896,562.20447,152.26593,97565.5,1
2023-07-11,31.956207,29.079187,96.41262,87.094475,27.294403,26.640875,2.6864085,1.1946288,592.30225,174.73853,97559.43,1
2023-07-12,32.604095,29.168589,97.912704,87.84482,28.203705,26.888138,4.0423727,2.4166667,664.85333,148.99629,97520.02,1
2023-07-13,31.765106,29.524849,95.82373,86.79041,28.151611,27.040146,2.939136,2.2038646,720.7822,169.30444,97565.84,1
2023-07-14,33.30893,30.122335,93.470856,83.93412,27.807648,27.02624,3.9245906,1.8498797,536.0,151.51778,97649.086,1
2023-07-15,32.87216,29.624847,96.52261,86.36956,27.761444,26.996962,2.9885983,1.9592289,649.44,175.5348,97606.12,1
2023-07-16,33.53824,30.084251,96.43461,85.71816,28.693298,27.322905,2.5443099,1.4670177,644.6222,199.75258,97597.84,1
2023-07-17,32.684418,30.478434,94.87287,85.09161,28.274628,27.630548,2.4749265,1.5917225,568.6578,182.26295,97491.625,1
2023-07-18,31.806274,29.505316,94.826164,88.56011,28.175568,27.370499,3.2320023,2.6589396,536.4267,165.57852,97512.27,1
2023-07-19,34.120453,31.521866,92.47015,79.21756,27.973358,27.345942,3.706812,2.3747027,692.4267,232.61629,97485.74,1
2023-07-20,36.69153,32.956654,90.846375,74.126366,28.67984,27.57219,2.5133758,1.6798142,778.04443,263.88815,97466.16,1
2023-07-21,37.106598,33.241894,86.98895,73.019615,29.093994,27.614954,3.808842,2.3285763,796.64,234.8326,97682.12,1
2023-07-22,34.42581,31.828325,84.42515,76.66959,28.191864,27.170944,5.8502774,4.024966,690.57776,180.6874,97904.31,1
2023-07-23,36.126007,32.279804,85.578926,73.63386,27.63559,26.863516,4.9536767,3.634402,839.5378,249.21925,97803.06,1
2023-07-24,34.91507,31.647629,88.53086,79.05252,28.291443,27.462568,4.612137,2.9851396,682.6311,202.31036,97607.25,1
2023-07-25,34.317413,30.564682,93.88341,82.24732,28.537933,27.111832,4.501446,2.7620697,665.74225,174.41852,97728.24,1
2023-07-26,30.270569,28.539436,93.98615,86.51437,26.58078,26.025604,3.557895,1.9534712,317.54666,100.63555,97863.73,0
2023-07-27,32.281097,29.408258,96.01407,85.264244,26.93097,26.59884,1.541461,0.9356989,625.5289,146.16592,97701.09,1
2023-07-28,30.595245,28.488352,96.24293,88.45649,27.142487,26.342886,2.8501484,1.5460566,461.2622,107.613335,97490.77,1
2023-07-29,30.53592,28.291857,96.16923,89.68353,27.53778,26.406738,2.897289,1.7065945,603.6445,107.40963,97473.66,1
2023-07-30,34.14279,30.063456,92.03476,82.901764,27.475647,26.737127,3.310129,2.4836538,751.48444,198.64445,97376.055,1
2023-07-31,34.336,31.157171,88.15077,78.7176,27.854523,26.939224,3.6500564,2.9412076,773.1911,242.86,97329.79,1
2024-04-01,31.13205,25.01616,80.078415,47.563095,17.619568,12.025426,5.7138133,3.3827426,849.1556,266.71335,98302.78,0
2024-04-02,32.49118,25.391748,67.56433,44.92206,12.941284,11.51867,5.29035,3.0370235,952.2844,288.45184,98220.9,0
2024-04-03,35.092102,27.889055,63.22046,41.084576,14.140137,12.574963,3.3910964,1.7200321,892.85333,266.59555,98279.51,0
2024-04-04,36.2377,28.430756,58.712547,41.520145,15.484772,13.241178,3.8224072,2.446199,910.2222,278.3674,98263.836,0
2024-04-05,34.8143,28.112223,59.070217,38.86187,14.416046,11.925881,6.4129806,3.5161173,937.2267,248.6874,98239.46,0
2024-04-06,34.767,27.0511,58.371025,36.80063,12.165009,9.987107,4.67873,2.9380114,963.1644,299.97037,98241.28,0
2024-04-07,34.90097,26.969824,60.523945,35.32732,11.544525,8.696303,4.29957,2.7594452,984.44446,306.94742,98242.81,0
2024-04-08,36.633026,28.176245,54.424362,34.337505,12.658051,9.848522,4.767417,2.7033608,977.86664,299.3978,98364.26,0
2024-04-09,36.956573,28.478645,52.994812,34.10891,11.878693,9.904258,3.5722103,2.098354,869.7778,265.88962,98403.68,0
2024-04-10,38.539,29.408228,50.46013,32.98721,12.501099,10.150742,2.8593147,1.9552699,978.2222,300.78296,98398.44,0
2024-04-11,37.79547,29.360062,53.02934,34.667034,13.3324585,11.245097,3.7417796,2.1210027,968.51556,299.23038,98497.4,0
2024-04-12,38.337006,30.49978,52.315556,33.31779,12.587311,11.713589,3.2149653,2.4503186,965.9378,298.2111,98397.88,0
2024-04-13,36.922485,29.446756,60.561024,41.359985,16.225464,14.295608,3.8193953,2.2276802,961.42224,268.6163,98405.375,1
2024-04-14,32.967224,27.761011,66.387375,52.91518,18.389252,17.03871,5.479258,3.0117843,858.8089,249.21333,98573.98,0
2024-04-15,34.727997,28.913286,75.515274,53.132313,19.69632,17.890806,3.4834392,2.1283722,731.39557,203.0437,98520.93,0
2024-04-16,35.558502,29.805796,62.54443,39.930443,17.238068,14.078,5.3024263,4.099417,959.6445,287.2689,98379.695,0
2024-04-17,35.111877,29.56195,55.99259,28.636915,14.0989685,8.232265,6.7423325,4.3929925,985.10223,310.5941,98274.99,0
2024-04-18,37.524567,30.89572,66.84417,36.06381,18.118134,13.023235,6.0320625,3.1564052,959.14667,295.94592,98076.48,0
2024-04-19,38.26718,31.735672,62.739033,37.307278,16.439117,14.836976,4.106424,2.9624717,918.56,275.51703,97861.26,1
2024-04-20,36.890137,30.498123,68.08177,38.803158,18.07663,13.895011,4.442381,3.3782976,964.96,289.96445,97882.0,0
2024-04-21,36.765778,30.679434,53.586994,37.15756,15.791901,13.743015,4.387599,3.4288244,876.48,281.81705,98033.26,0
2024-04-22,36.900604,30.578207,52.767635,35.097725,14.791779,12.773606,4.396534,2.8685877,892.85333,291.5015,98076.32,0
2024-04-23,36.568146,28.754114,69.55683,41.61894,15.149994,13.329652,6.1199822,2.760848,982.4178,288.6763,98043.195,0
2024-04-24,37.567596,30.067581,67.04139,38.245216,15.877045,13.079881,5.8673124,2.8019745,952.9422,311.29407,98060.15,0
2024-04-25,39.091797,30.848864,52.277138,33.556942,13.578949,11.694588,5.546011,3.1193182,991.5378,318.25406,98026.5,0
2024-04-26,40.018036,32.208477,51.745285,32.581326,16.608734,12.735515,4.3209815,2.7437785,985.5822,294.1585,97911.76,1
2024-04-27,38.937042,31.598745,50.483997,34.70232,15.938416,13.456036,5.374032,3.3728154,929.6178,290.82593,98046.1,0
2024-04-28,38.2872,31.55812,51.559757,34.778393,14.624603,13.366767,3.6095114,2.2927735,939.3778,294.4437,98102.12,0
2024-04-29,37.719482,30.861444,54.60617,38.743927,16.27481,14.461075,4.85966,3.368139,949.10223,284.97482,98081.04,0
2024-04-30,36.89319,29.83342,53.12993,28.70363,15.616516,8.341957,4.66999,3.5592506,1019.62665,329.0637,97868.336,0
2024-05-01,33.739594,27.927958,44.88415,26.53888,9.678619,5.941897,6.373417,4.498688,1020.96,329.51038,97839.41,0
2024-05-02,36.121857,28.669434,45.413815,29.873144,10.167969,8.546903,4.8158565,3.3576307,1020.30225,330.82593,97917.26,0
2024-05-03,38.20053,31.343073,41.38248,27.344507,12.271088,9.390964,6.029485,3.2560186,1009.56445,314.11777,97999.57,0
2024-05-04,40.336,32.716675,42.189407,28.236437,13.934296,10.631883,3.8619277,2.6744092,998.25775,299.0274,97867.195,0
2024-05-05,41.24936,34.12058,41.113247,27.732416,13.603607,11.929669,4.689078,3.3708293,991.36,322.1948,97583.21,0
2024-05-06,40.81961,33.972595,49.145195,31.827658,15.30722,14.228248,4.490944,2.9586773,980.4089,307.88443,97808.445,1
2024-05-07,41.16983,34.220325,66.58441,39.25412,21.65097,17.136503,4.3600245,2.3693008,894.3822,291.5548,97978.31,1
2024-05-08,38.018494,32.479126,64.05235,50.87071,22.933167,20.609365,5.870549,4.574929,965.7244,308.26666,98025.69,1
2024-05-09,37.460938,32.20969,63.443428,49.771755,20.843903,19.982462,6.2988873,3.92051,967.6445,302.8689,97979.414,1
2024-05-10,38.81375,32.670513,74.538734,49.509586,21.920471,20.149939,6.0052505,3.310031,959.9289,301.94223,98108.28,1
2024-05-11,38.996826,32.025635,72.24435,50.01211,21.99759,19.31621,4.834269,2.5324895,955.73334,308.43112,98279.336,1
2024-05-12,39.327637,33.123257,65.72174,44.471558,21.491852,18.667244,3.0943565,2.0526671,937.74225,269.64297,98230.945,1
2024-05-13,39.56314,32.934994,61.18248,39.840595,19.978638,16.608023,5.0403633,2.2226849,900.3555,285.16296,98255.445,1
2024-05-14,40.664124,33.321697,55.381733,33.1799,16.585052,14.016289,4.940992,2.8653843,991.4667,316.22592,98257.75,1
2024-05-15,41.696533,34.317966,46.278538,30.803907,15.734741,13.410645,4.8473716,2.422427,996.9067,328.19705,98250.75,1
2024-05-16,42.490784,35.318283,54.882385,32.333977,18.144684,15.123104,3.6339033,2.1221776,998.86224,329.33554,98089.12,1
2024-05-17,44.515167,36.66409,53.669167,29.388374,18.362946,14.617409,4.5389485,2.2297885,958.54224,316.45926,97813.03,1
2024-05-18,44.79782,37.66958,39.75466,26.791815,16.596863,14.416127,6.1236167,3.7043674,961.49335,321.85333,97531.49,1
2024-05-19,44.89676,37.648144,40.105892,26.739538,17.178253,14.387877,7.6242847,3.4128485,941.38666,309.62592,97417.65,1
2024-05-20,44.30188,37.338852,58.987236,30.05008,21.758636,15.811791,6.323556,3.4446232,983.4133,319.00592,97556.375,1
2024-05-21,41.806427,36.079266,61.440514,43.353928,23.552979,20.685629,4.715031,2.9388237,971.62665,307.88666,97656.03,1
2024-05-22,41.94809,36.45323,62.611816,46.55322,24.506165,22.577967,5.5553155,4.4955544,957.86664,307.17853,97637.97,1
2024-05-23,40.992462,35.922436,57.8894,45.889553,22.718536,22.09755,7.346357,4.784595,906.9155,294.77258,97580.16,1
2024-05-24,41.00879,36.005993,58.377613,45.476044,22.893219,21.980783,5.70313,3.2283974,898.6667,291.7889,97575.055,1
2024-05-25,43.57086,37.077423,54.197567,37.262424,22.895203,19.460335,5.440288,2.4095304,949.56445,300.9178,97370.56,1
2024-05-26,45.28528,37.896755,44.966743,30.718504,18.257782,16.744799,4.997788,2.67757,981.81335,325.71408,97158.34,1
2024-05-27,45.33548,37.26953,51.596283,33.956497,20.58133,17.439888,4.4859867,2.439706,979.23553,325.9526,96907.69,1
2024-05-28,46.45642,38.26703,44.22641,25.858475,17.63028,13.816055,4.8705187,2.8265686,997.1556,330.71335,96784.53,1
2024-05-29,46.298615,38.798565,52.186428,30.567192,22.308014,17.328976,3.9573295,2.5899353,959.5733,312.79556,96955.41,1
2024-05-30,46.01126,38.404816,40.210484,27.367533,20.33966,15.0265665,5.2807097,3.2330265,917.5822,313.38297,97247.93,1
2024-05-31,46.138733,38.505768,39.27951,26.363783,17.761139,14.759587,6.486318,4.0358872,975.23553,317.5437,97369.81,1
2024-06-01,43.980316,37.45998,39.98137,29.027655,17.631348,16.084023,8.154042,3.9785945,911.1111,289.5259,97579.79,1
2024-06-02,42.361176,36.37458,58.424133,36.34205,21.47229,18.470549,5.2086916,2.804269,932.26666,300.97702,97653.46,1
2024-06-03,43.980713,37.35336,53.703094,32.85306,21.419556,17.516144,5.5659747,3.4332998,935.7511,305.51852,97551.5,1
2024-06-04,43.57126,37.32936,42.528786,30.471914,19.138092,16.502277,4.6160684,2.5195358,953.28,301.60297,97568.81,1
2024-06-05,44.034912,36.05556,67.879875,39.55777,21.440094,19.021948,5.719375,3.7105637,950.9511,301.98962,97660.125,1
2024-06-06,41.163177,34.127388,70.09366,42.885983,22.401703,18.734812,4.4933796,2.0400262,949.81335,305.43332,97883.125,1
2024-06-07,42.150543,35.674686,51.09592,38.1044,19.82077,18.7112,6.0160165,3.4415045,947.80444,299.4637,97616.57,1
2024-06-08,40.998535,34.87432,49.53224,37.75797,19.704071,17.779188,6.1778774,3.5089877,946.7022,298.86887,97560.16,1
2024-06-09,42.514008,35.67123,47.688515,29.58864,17.956024,14.34724,5.1514397,3.5607798,968.92444,323.5178,97527.16,1
2024-06-10,42.664215,36.370636,40.643814,29.238443,16.499237,14.840359,4.6627316,3.0958369,955.5733,317.08072,97526.125,1
2024-06-11,43.38089,36.733406,42.396416,28.809769,16.39389,14.77808,4.5956964,2.652973,916.4267,306.27335,97464.125,1
2024-06-12,44.903748,37.585754,39.345295,27.002432,16.618256,14.575626,5.1570077,3.7537763,960.1067,320.25406,97443.695,1
2024-06-13,44.79016,39.013947,37.812935,27.633776,19.68454,16.420355,7.483921,5.3257623,907.07556,298.47183,97313.91,1
2024-06-14,43.907074,38.37289,37.461796,31.006876,19.756958,17.826368,7.79314,5.8347607,877.2267,283.0259,97304.23,1
2024-06-15,44.28134,39.07298,42.483006,30.145433,19.77594,17.968393,7.3120666,4.9117017,913.6,303.62814,97291.6,1
2024-06-16,44.987213,39.715145,41.833454,30.475489,21.581146,18.595148,6.613831,4.793389,924.7289,300.93927,97337.1,1
2024-06-17,45.598267,40.284603,43.270893,33.30966,22.147186,20.6639,7.1257668,4.9649825,875.62665,274.88147,97307.4,1
2024-06-18,44.39279,39.82263,50.15668,35.730045,23.73227,21.485918,8.416212,5.652757,897.7244,279.06888,97074.52,1
2024-06-19,43.49762,37.267387,62.533333,42.691677,23.774323,21.89415,7.524979,4.008287,850.5244,293.37778,96960.414,1
2024-06-20,38.326782,33.684612,82.12067,55.454987,25.327423,23.128641,5.755721,2.264765,816.8,282.0037,97251.78,1
2024-06-21,36.487854,31.438559,82.5526,65.40844,25.142517,23.961203,4.284497,2.5649993,773.6889,250.22888,97390.875,1
2024-06-22,37.59793,33.80443,72.84487,57.00475,25.12204,23.751984,2.8894434,1.6881179,814.54224,264.43927,97421.31,1
2024-06-23,37.697083,34.461437,71.24435,60.335377,26.912994,25.488337,4.3764205,1.9564732,854.9511,269.73557,97416.98,1
2024-06-24,36.998383,32.57712,82.83331,66.906334,26.44931,25.303864,4.7389307,2.3727024,809.63556,225.29259,97326.96,1
2024-06-25,36.972534,33.564026,81.354355,66.069305,27.32315,26.165628,2.8059847,1.855533,748.8711,220.0274,97225.945,1
2024-06-26,33.724487,31.302008,92.47151,78.56908,27.575867,27.03834,5.7343464,3.6303232,713.06665,169.44221,97364.4,1
2024-06-27,31.734833,29.406303,98.94135,84.68246,27.156708,26.494783,5.9723587,3.731828,403.34222,109.651115,97587.0,0
2024-06-28,32.816193,29.526758,97.22477,85.46142,27.508331,26.764984,3.6025004,1.824258,630.7733,115.22962,97413.26,1
2024-06-29,33.33481,29.730797,96.049194,87.684074,28.1633,27.39718,3.4809272,2.126747,491.48444,143.98889,97321.09,1
2024-06-30,35.52002,31.73588,93.96249,80.53211,28.693878,27.805338,2.4999585,1.2289506,804.3555,212.91852,97205.38,1
2024-07-01,34.764374,31.405725,92.131004,81.41996,28.83551,27.732885,3.1542494,2.013394,622.4178,186.28741,96984.4,1
2024-07-02,33.567413,31.221222,92.116356,82.18116,28.400543,27.746323,4.127766,2.0987384,465.2089,158.09186,96931.56,1
2024-07-03,31.042755,28.81945,99.63415,91.673035,28.27884,27.288437,3.4101734,2.1958807,498.7911,101.39926,97234.84,1
2024-07-04,30.410461,28.527704,98.414215,89.20722,27.426758,26.520567,2.789317,1.5743309,533.5111,91.00445,97391.38,1
2024-07-05,30.37436,28.546171,99.40112,91.47311,27.836761,26.999136,3.3898854,2.3328743,601.3333,132.09111,97072.62,1
2024-07-06,31.29599,28.72827,94.42973,87.08063,26.934296,26.308985,4.1696396,2.5554469,437.77777,129.56,97079.49,1
2024-07-07,33.287994,28.897177,94.05966,82.7015,26.699371,25.558899,4.5990076,2.2989168,714.4889,195.31776,97406.414,1
2024-07-08,31.645538,29.31282,94.50158,83.82706,27.304657,26.19837,2.5014658,1.8521461,664.85333,227.10815,97663.63,1
2024-07-09,33.65396,30.985006,93.47108,82.75761,28.537994,27.619291,2.1125112,1.3922063,797.17334,226.05779,97712.43,1
2024-07-10,34.92981,32.017086,93.135765,79.75003,28.786652,27.965998,2.6527255,1.3326113,809.7778,233.99408,97636.1,1
2024-07-11,37.580994,33.42447,88.81916,70.12975,27.990295,27.034758,3.6702423,2.3811111,781.49335,245.29407,97175.805,1
2024-07-12,35.526917,31.72436,88.42482,71.7024,27.235199,25.798912,4.895598,2.5933545,818.9511,213.4652,97169.945,1
2024-07-13,34.69583,30.662226,91.88484,80.42619,27.999512,26.772223,2.8404768,1.336937,816.48,221.4326,97210.04,1
2024-07-14,35.960968,32.68145,92.267525,75.08883,28.682617,27.473907,2.233963,1.1686517,823.94666,267.15186,97215.02,1
2024-07-15,33.738647,31.510254,91.398605,80.7457,28.32071,27.721338,3.5370955,2.6983902,697.2622,217.32,97467.57,1
2024-07-16,35.89444,32.41858,89.61324,77.335686,28.412079,27.79951,3.7923326,2.7746341,747.30664,206.64964,97503.38,1
2024-07-17,33.788666,31.94037,90.17299,80.68137,28.92752,28.135681,4.2661963,2.6234605,817.2267,247.72444,97496.68,1
2024-07-18,34.618225,31.171572,94.79079,85.50101,29.039093,28.37943,3.190476,1.8154932,681.31555,207.19853,97349.086,1
2024-07-19,33.908844,31.15068,93.37141,84.69641,29.344696,28.19845,3.5198634,2.7831385,784.69336,222.24297,97282.9,1
2024-07-20,36.13022,32.77708,89.9601,78.3792,29.271942,28.369242,3.1352768,1.9472432,745.6178,223.02815,97328.31,1
2024-07-21,35.26889,32.541164,89.78419,79.17691,29.42685,28.367956,3.823006,2.93355,789.1911,232.88074,97321.94,1
2024-07-22,34.467743,31.59049,92.326645,81.825386,28.6044,28.039713,3.6686552,2.4353914,806.0267,233.40297,97346.27,1
2024-07-23,33.90335,31.636663,94.74847,82.604706,28.881622,28.23082,3.2276492,1.546739,701.6533,202.04297,97180.51,1
2024-07-24,33.144653,30.744902,94.55477,84.000824,28.118896,27.668432,2.331936,0.95579845,730.8444,178.72742,96899.9,1
2024-07-25,34.460785,31.336426,93.05186,83.42285,28.71054,28.094442,2.1372423,1.032932,796.23114,200.65186,96853.375,1
2024-07-26,34.18448,31.41789,94.924515,82.87268,28.938446,28.033043,2.8901703,1.4265565,674.4533,196.48296,97035.09,1
2024-07-27,34.814087,31.140898,96.124664,87.007286,29.427277,28.634378,2.9497967,1.3690354,694.4533,155.16148,97239.65,1
2024-07-28,36.119904,32.970642,89.70041,77.884575,29.03366,28.483984,4.537022,2.737588,672.4267,215.89703,97218.6,1
2024-07-29,36.492584,33.25611,90.177635,75.51086,29.042816,28.205526,4.588736,3.1188242,744.60443,244.16296,97265.35,1
2024-07-30,36.41739,33.481697,87.47247,77.94303,29.440857,28.992682,3.8883305,2.4631782,738.75555,227.3126,97380.06,1
2024-07-31,35.32498,31.173431,98.40166,84.15657,29.684937,28.07796,5.001798,2.9724922,448.0178,139.08667,97363.07,1
